care_profile_id,name,light_category,water_category,humidity_category,soil_category,light,water,humidity,soil,airflow,difficulty
AROIDS_CHUNKY,Tropical aroid / chunky mix,bright_indirect_to_medium,moderate_drydown,average_to_high,chunky_aroid_mix,Bright indirect to medium indirect light; protect from harsh midday sun indoors.,Water when the top 30-50% of mix dries; do not leave standing in water.,Average indoor humidity is usually workable; 50-70% helps larger leaves and velvety species.,"Chunky, airy aroid mix with potting soil/coco plus orchid bark, perlite, or pumice.",Gentle airflow helps reduce fungal issues; avoid cold drafts and heater vents.,easy_to_intermediate
RARE_AROIDS_HIGH_HUMIDITY,Rare/velvety aroid,bright_indirect,even_moist,high,chunky_aroid_moist,Bright filtered light; avoid direct sun on thin or velvety leaves.,Keep evenly moist but never soggy; allow the upper mix to begin drying between waterings.,"High humidity preferred, often 60-80%, with steady warmth.","Very airy aroid mix with bark, perlite/pumice, coco chips, and a moisture-retentive component.",High humidity should be paired with airflow to prevent leaf spotting and rot.,intermediate_to_advanced
LOW_LIGHT_RESILIENT,Low-light resilient foliage,low_to_bright_indirect,low_water,average,standard_well_draining,Low to bright indirect light; growth is faster with brighter indirect light.,Let soil dry well between waterings; overwatering is the main risk.,Normal household humidity is fine.,Well-draining indoor potting mix with perlite or pumice.,Tolerates normal indoor air; avoid cold drafts.,easy
FICUS_BRIGHT,Bright-light ficus/tree-form houseplant,bright_indirect_to_gentle_sun,moderate_consistent,average,standard_well_draining,Bright indirect light with some gentle direct sun if acclimated.,Water when the top 25-40% of soil dries; keep routine consistent.,"Average humidity works, but avoid very dry air.","Rich, well-draining potting mix; avoid compacted wet soil.",Avoid cold drafts and sudden moves; many ficus drop leaves after abrupt changes.,intermediate
CALATHEA_PRAYER,Prayer plant / calathea humidity-sensitive foliage,medium_to_bright_indirect,even_moist,high,moist_well_draining,Medium to bright indirect light; avoid direct sun that fades or scorches leaves.,Keep lightly and evenly moist; avoid fully drying out or staying soggy.,"Prefers higher humidity, often 50-70%; sensitive to dry air.",Moisture-retentive but draining mix with coco/peat and perlite.,"Avoid cold drafts, hot vents, and stagnant wet foliage.",intermediate
ALOCASIA,Alocasia / elephant-ear tropical,bright_indirect,even_moist_seasonal,high,chunky_aroid_moist,Bright indirect light; some morning sun can work after acclimation.,"Keep evenly moist during growth, letting the top layer dry; reduce watering in dormancy.","Moderate to high humidity, ideally 50-70%.",Chunky but moisture-retentive mix; avoid dense wet soil around corms.,Good airflow helps prevent pests and fungal spots in humid setups.,intermediate
PALM_TROPICAL,Indoor palm / tropical floor plant,medium_to_bright_indirect,moderate_consistent,average_to_high,standard_well_draining,Bright indirect to medium light depending on species.,Keep slightly moist but not waterlogged; many palms dislike drying completely.,Average to higher humidity; brown tips often worsen in dry air.,Well-draining palm or indoor potting mix.,Avoid cold drafts and hot dry vents.,easy_to_intermediate
BEGONIA_FLOWERING,Begonia / flowering foliage tropical,bright_indirect,moderate_drydown,average_to_high,standard_well_draining,Bright indirect light; some morning sun can help flowering.,"Let the top layer dry, then water thoroughly; avoid wet leaves and soggy roots.",Average to moderate humidity; airflow matters more than misting.,"Light, well-draining potting mix.",Good airflow prevents powdery mildew and leaf spotting.,easy_to_intermediate
FLOWERING_POT,Flowering potted plant,bright_indirect_to_part_sun,even_moist_seasonal,average,standard_well_draining,Bright indirect light; some gentle sun supports blooms.,"Keep evenly moist while blooming, then adjust for dormancy or rest period.",Average indoor humidity works for most.,Quality potting mix with drainage.,Avoid hot vents; remove spent blooms and yellow leaves.,easy_to_intermediate
SUCCULENT,Succulent / dryland plant,bright_to_direct,dry_cycle,low_to_average,cactus_succulent_gritty,Very bright light; many need several hours of direct sun or strong grow light.,"Soak thoroughly, then let mix dry completely before watering again.",Low to average humidity is fine.,"Fast-draining cactus/succulent mix with pumice, perlite, or grit.",Good airflow and dry leaves/crowns help prevent rot.,easy_to_intermediate
CACTUS,Cactus / arid desert plant,direct_sun,very_low_water,low,cactus_mineral_gritty,High light with direct sun after acclimation.,"Water deeply but infrequently; keep mostly dry, especially in cool months.",Low humidity preferred.,Mineral-heavy cactus mix with excellent drainage.,Strong airflow and fast drying reduce rot risk.,easy_to_intermediate
EPIPHYTE_HOYA,Hoya / epiphytic succulent vine,bright_indirect_to_gentle_sun,moderate_to_dry,average_to_high,epiphyte_chunky,Bright indirect light; some gentle direct sun supports flowering.,Let mix dry partly to mostly between waterings; avoid heavy wet soil.,Average humidity works; higher humidity helps growth.,"Airy epiphyte mix with orchid bark, perlite/pumice, and light organic matter.",Good airflow supports healthy vines and reduces fungal issues.,easy_to_intermediate
ORCHID_EPIPHYTE,Epiphytic orchid,bright_indirect,wet_dry_epiphyte,average_to_high,orchid_bark_sphagnum,Bright filtered light; avoid hot direct sun unless the species prefers it.,Water when bark/moss approaches dry; never keep roots stagnant.,Moderate to high humidity with airflow.,"Orchid bark, sphagnum, mounted culture, or species-appropriate epiphyte media.",Air movement is critical around roots and leaves.,intermediate
FERN_MOIST,Moisture-loving fern,medium_to_bright_indirect,even_moist,high,moist_fern_mix,Medium to bright indirect light; avoid hot direct sun.,"Keep evenly moist, not soggy; avoid drying completely.",High humidity preferred; dry air causes crisp fronds.,"Moist, organic, well-draining fern mix.",Gentle airflow helps prevent disease while retaining humidity.,intermediate
AIR_PLANT,Air plant / tillandsia,bright_indirect_to_gentle_sun,soak_and_dry,average,no_soil_epiphyte,Bright indirect light with some gentle morning sun.,"Soak or rinse regularly, then dry fully within a few hours.",Average to moderate humidity.,No soil; mount in a breathable display.,Very important: plants must dry after watering.,easy_to_intermediate
CARNIVOROUS,Carnivorous bog plant,bright_to_direct,wet_bog,average_to_high,carnivorous_bog_mix,Very bright light; many need direct sun.,Keep consistently wet with distilled/rain/RO water; avoid tap water minerals.,Average to high depending on species; airflow still matters.,Nutrient-poor peat/sphagnum and perlite/sand; never fertilized potting soil.,Use airflow to prevent mold in wet media.,intermediate
HERB_MEDITERRANEAN,Mediterranean herb,full_sun,moderate_to_dry,low_to_average,lean_well_draining,Full sun outdoors or the brightest indoor window/grow light.,Let the top soil dry; avoid constant wet roots.,Average to low humidity; prefers airflow.,"Lean, very well-draining mix; add perlite, pumice, or sand.",Excellent airflow improves flavor and reduces mildew.,easy_to_intermediate
HERB_MOIST,Leafy culinary herb,bright_to_full_sun,even_moist,average,rich_well_draining,Bright light to full sun; some afternoon shade in hot climates.,Keep evenly moist but not soggy; containers dry quickly.,Average humidity is fine.,Rich potting mix or garden soil with good drainage.,Airflow reduces mildew and fungus gnats.,easy
VEGETABLE_FULL_SUN,Fruiting vegetable / edible starter,full_sun,consistent_moist,average,rich_well_draining,"Full sun, ideally 6+ hours outdoors or strong grow light.",Consistent watering; avoid drought stress and waterlogged roots.,Average outdoor humidity; airflow is important.,"Rich, fertile, well-draining soil or container mix.",Good spacing and airflow reduce disease.,easy_to_intermediate
OUTDOOR_ANNUAL,Outdoor flowering annual,sun_to_part_sun,moderate_consistent,outdoor_variable,rich_well_draining,Full sun to part sun depending on species.,Water when the top soil dries; containers may need frequent watering.,Outdoor humidity is fine; avoid crowded stagnant plantings.,"Fertile, well-draining garden or container mix.",Spacing and deadheading help reduce disease and prolong bloom.,easy
OUTDOOR_PERENNIAL,Outdoor perennial,varies_by_species,establish_then_moderate,outdoor_variable,garden_well_draining,"Match species to full sun, part sun, or shade.",Water to establish; many need less once rooted.,Outdoor humidity is fine.,Well-draining garden soil amended for the species.,Good spacing reduces fungal pressure.,easy_to_intermediate
SHRUB_FLOWERING,Flowering shrub / landscape plant,part_sun_to_full_sun,deep_establishment,outdoor_variable,garden_species_specific,Usually part sun to full sun; check species and climate.,Deep watering while establishing; then species-appropriate irrigation.,Outdoor humidity is fine; choose climate-appropriate plants.,Garden soil matched to species pH/drainage needs.,Prune/space for airflow and bloom performance.,easy_to_intermediate
CITRUS_FRUIT,Citrus / fruiting container tree,full_sun,moderate_drydown,average,citrus_fast_draining,Full sun outdoors; brightest possible indoor overwintering light.,Water deeply when the upper soil dries; avoid soggy roots.,Average outdoor humidity; indoors avoid hot dry vents.,Fast-draining citrus/cactus-style container mix.,Outdoor airflow helps pests/disease; indoor trees need inspection for scale/mites.,intermediate
BONSAI_TREE,Bonsai / small tree in shallow pot,bright_to_full_sun,frequent_check,varies,bonsai_gritty,Very bright light; outdoor species should live outdoors.,Check often; shallow pots dry quickly but should not stay waterlogged.,Species-specific; indoor bonsai dislike dry hot vents.,Bonsai mix with akadama/pumice/lava or species-appropriate gritty mix.,Outdoor airflow is ideal for many bonsai.,intermediate_to_advanced
OUTDOOR_PALM,Outdoor palm / sun-loving landscape palm,full_sun_to_part_sun,deep_establishment_then_moderate,outdoor_variable,garden_fast_draining,Full sun is best; young plants can appreciate a gentler transition if moved from shade or indoors.,"Water regularly while establishing, then deeply and less often once rooted; avoid constantly soggy soil.",Outdoor humidity is fine; good airflow helps keep crowns and fronds healthy.,Fast-draining ground or large-container soil; avoid standing water around the crown.,Outdoor airflow is beneficial; remove crowded dead material and avoid burying the crown.,easy_to_intermediate
OUTDOOR_CONIFER_TREE,Outdoor conifer / specimen tree,full_sun_to_part_sun,establish_then_moderate,outdoor_variable,garden_well_draining,Full sun to part sun depending on climate and plant age; avoid dark and crowded siting.,"Water consistently while establishing, then shift to deeper, less frequent watering in well-draining soil.",Outdoor humidity is fine; avoid prolonged stagnant wet foliage where fungal issues linger.,Well-draining ground soil with room for roots; avoid sites that stay waterlogged.,Good spacing and airflow support strong branching and reduce fungal pressure.,intermediate
